CallFlow,CallTransfer,CallLogs
"Greet
RefillConfSingleNameAvail_1
RefillConfSingleNameAvail_2
RefillConfSingleNameAvail_3
RefillAllToday
OptOut
Opt-Out-Option",,e4007-20180614122310071-186.txt
"Greet
RefillConfHoliday_1
RefillConfHoliday_2
OptOut
GoodbyeMulti_1
GoodbyeMulti_2",,e4008-20180614140801274-452.txt
"Greet
Refill2NoName_1
Refill2NoName_2
OptOut
GoodbyeMulti_1
GoodbyeMulti_2",,e4008-20180619152004760-602.txt
"Greet
Refill2NameAvail_1
Refill2NameAvail_2
OptOut
GoodbyeMulti_1
GoodbyeMulti_2",,e4008-20180619185905186-962.txt
